,Year,popu,GDP_percap,emiss_total,SCC,FUND_1,FUND_2,FUND_3,FUND_4,FUND_5,FUND_6,FUND_7,FUND_8,FUND_9,FUND_10,FUND_11,FUND_12
0,1950,2.52E+00,,2283.619714,,14.63914538,25.60802338,49.92381946,64.169831,38.89996917,64.68278176,111.0308019,125.4011327,0.506948114,1.555549543,3.499538001,4.600573524
1,1951,2.57E+00,3.713550701,2335.220716,14.63914538,14.93143622,26.052757,50.5971968,64.91679522,39.49412114,65.57010403,112.2217006,126.5474049,0.535715793,1.607891053,3.587411329,4.705182711
2,1952,2.61E+00,3.788584361,2390.131278,14.93143622,15.23170285,26.50676815,51.28014298,65.67239108,40.10225332,66.47375453,113.428704,127.7075598,0.566651198,1.662662353,3.677950755,4.812501411
3,1953,2.66E+00,3.865242304,2448.707934,15.23170285,15.54013584,26.97023856,51.97280566,66.43674447,40.72474552,67.39410654,114.6521738,128.8819549,0.599801367,1.719909539,3.771195725,4.922564372
4,1954,2.71E+00,3.943565197,2511.368107,15.54013584,15.85695954,27.44337845,52.67535782,67.21000639,41.36201641,68.33156548,115.8924994,130.0709741,0.635238082,1.779698817,3.867201416,5.035420603
5,1955,2.76E+00,4.023594925,2578.603815,15.85695954,16.18240862,27.92640738,53.38798391,67.99234213,42.01450349,69.28655389,117.1500937,131.275031,0.673037036,1.842099506,3.966025586,5.151121629
6,1956,2.81E+00,4.105374612,2650.99884,16.18240862,16.51672954,28.41955597,54.1108818,68.78393243,42.68266428,70.25951509,118.4253976,132.4945694,0.713279105,1.907184985,4.067729254,5.269722101
7,1957,2.86E+00,4.188948671,2729.250261,16.51672953,16.860182,28.92306685,54.84426318,69.58497428,43.36697887,71.25091367,119.7188785,133.7300646,0.756051282,1.975033398,4.172377256,5.391280294
8,1958,2.91E+00,4.274362859,2814.195504,16.860182,17.2130356,29.4371929,55.58835337,70.39568135,44.06794645,72.26123485,121.0310327,134.982026,0.801443513,2.045725606,4.280037126,5.515857325
9,1959,2.97E+00,4.361664299,2901.983495,17.2130356,17.57557002,29.96219745,56.34339254,71.2162851,44.786086,73.29098426,122.3623871,136.2509976,0.849547903,2.119344774,4.390779084,5.643517239
10,1960,3.02E+00,4.450901552,2989.769525,17.57557002,17.94808195,30.49835973,57.10963919,72.04703857,45.52194488,74.34069539,123.7135031,137.5375639,0.900464132,2.195980302,4.504678734,5.774329395
11,1961,3.08E+00,4.528238034,3082.205849,17.94808195,18.33085735,31.04594668,57.88733943,72.88818265,46.27607089,75.41090199,125.0849461,138.8423147,0.954273922,2.275702704,4.621791994,5.908343224
12,1962,3.14E+00,4.607048034,3179.606599,18.33085736,18.72420559,31.60524361,58.67675529,73.73997326,47.0490499,76.50216985,126.4773154,140.1658728,1.011071843,2.358591234,4.742180112,6.04561242
13,1963,3.21E+00,4.687367721,3282.313244,18.7242056,19.12843545,32.17653873,59.47815501,74.60267491,47.84148204,77.61508567,127.8912387,141.5088956,1.070943402,2.444718619,4.865899885,6.186186927
14,1964,3.27E+00,4.769234407,3390.697428,19.12843546,19.54385761,32.76012402,60.2918141,75.47656052,48.6539844,78.75025481,129.3273715,142.8720707,1.133964823,2.534150911,4.99300357,6.330112807
15,1965,3.34E+00,4.852686592,3505.164145,19.54385761,19.97079736,33.35630449,61.11802132,76.36191629,49.48720524,79.90831348,130.7864056,144.2561223,1.200214299,2.626955039,5.12354341,6.477435831
16,1966,3.41E+00,4.937763999,3626.155271,19.97079737,20.40959062,33.96539572,61.95707701,77.25904129,50.34182123,81.08992785,132.2690686,145.6618153,1.26976728,2.723195472,5.257569386,6.628199597
17,1967,3.48E+00,5.024507621,3754.153506,20.40959062,20.86058513,34.58772472,62.80929446,78.16824825,51.21854028,82.29579651,133.7761301,147.0899592,1.34269657,2.822934077,5.395128883,6.782445107
18,1968,3.55E+00,5.112959768,3889.686772,20.86058513,21.32414871,35.22363583,63.67500385,79.08986696,52.11811259,83.52666022,135.3084085,148.5414156,1.419078926,2.926234273,5.536268838,6.940212289
19,1969,3.62E+00,5.203164113,3970.694424,21.32414871,21.80067439,35.8734944,64.55455551,80.02424772,53.04133936,84.78330975,136.8667841,150.0171115,1.498997699,3.033162262,5.681035819,7.101539733
20,1970,3.69E+00,5.29516574,4046.708734,21.80067439,22.29057064,36.53768076,65.44831657,80.971759,53.98906715,86.06658709,138.452203,151.5180473,1.582530895,3.143778038,5.829469379,7.266458738
21,1971,3.76E+00,5.38713428,4125.746481,22.29057064,22.7944221,37.21675837,66.35684486,81.93296177,54.96236172,87.3775671,140.0658719,153.0454924,1.66989155,3.258283647,5.981756496,7.435149509
22,1972,3.83E+00,5.480938574,4207.962374,22.79442211,23.31278519,37.91128031,67.28070994,82.90843829,55.96230277,88.71737094,141.7090967,154.6008364,1.761245968,3.376848183,6.138064677,7.607777624
23,1973,3.90E+00,5.576626892,4293.520244,23.3127852,23.84629406,38.62187566,68.22056572,83.89886053,56.99011271,90.08728068,143.3833999,156.1857089,1.856804004,3.499678234,6.298594484,7.784540533
24,1974,3.97E+00,5.674249072,4382.593634,23.84629406,24.3956508,39.34925197,69.1771669,84.90501327,58.04716797,91.48877857,145.0906002,157.8020741,1.956800818,3.627006845,6.463574583,7.965664565
25,1975,4.05E+00,5.773856576,4475.366437,24.3956508,24.96164472,40.09422162,70.15141061,85.92784337,59.13506054,92.92363516,146.8329607,159.4524054,2.061498348,3.7590964,6.63326611,8.151409864
26,1976,4.12E+00,5.875502548,4572.033567,24.96164472,25.54518953,40.85774971,71.14440719,86.9685432,60.25570191,94.39406144,148.6134388,161.1399725,2.171196039,3.896248387,6.80797218,8.34208008
27,1977,4.20E+00,5.979241867,4672.801691,25.54518954,26.14736486,41.64101871,72.15758733,88.02867961,61.41147275,95.90294225,150.4360832,162.8693067,2.28623042,4.038806674,6.988044996,8.53803096
28,1978,4.28E+00,6.085131213,4777.89,26.14736487,26.769487,42.44553652,73.19287987,89.11040841,62.60547343,97.4542239,152.3066947,164.6469736,2.40697522,4.187162777,7.173896632,8.739683449
29,1979,4.36E+00,6.193229131,4776.996987,26.769487,27.40115517,43.25550383,74.2238267,90.18162831,63.79825421,98.98633739,154.1193693,166.3490808,2.533536922,4.341222523,7.365077971,8.946394586
30,1980,4.44E+00,6.303596089,4811.143287,27.40115517,28.04303217,44.07141331,75.25062421,91.24237882,64.99079052,100.4999056,155.8741926,167.9754593,2.666356501,4.501435683,7.562032586,9.158599752
31,1981,4.51E+00,6.489179287,4849.613293,28.04303217,28.69498868,44.8929397,76.27259515,92.29179535,66.18313065,101.9945273,157.5700047,169.5245933,2.805220518,4.667598791,7.764552531,9.376083479
32,1982,4.59E+00,6.6831819,4892.70599,28.69498869,29.35721738,45.71999744,77.28920785,93.3291207,67.3756204,103.4699733,159.2056513,170.9949103,2.950206149,4.83974113,7.972604195,9.598783166
33,1983,4.67E+00,6.886064814,4940.750511,29.35721738,30.02988646,46.55245418,78.29984526,94.3534923,68.56851874,104.9258569,160.7796936,172.3845021,3.101376941,5.017877684,8.186136987,9.826617576
34,1984,4.75E+00,7.098323499,4994.109112,30.02988645,30.71315836,47.39013365,79.30378876,95.36391915,69.76199824,106.3616023,162.2903279,173.6910294,3.258808207,5.20202431,8.405090066,10.05949099
35,1985,4.83E+00,7.320491327,5053.180449,30.71315835,31.40716817,48.23278484,80.30017043,96.35922401,70.95607975,107.7763455,163.7352219,174.9115282,3.422581882,5.392192276,8.629386117,10.29728646
36,1986,4.91E+00,7.553143254,5118.403213,31.40716817,32.11213935,49.08018778,81.28805287,97.33810833,72.15073798,109.1689935,165.1114525,176.0422976,3.592887023,5.588489367,8.859032155,10.53996621
37,1987,5.00E+00,7.796899942,5190.26014,32.11213936,32.82804049,49.93179749,82.26603525,98.29873466,73.34535367,110.5375764,166.4146482,177.0779431,3.769790524,5.790903704,9.093916211,10.7873728
38,1988,5.09E+00,8.052432337,5269.282453,32.82804049,33.55456311,50.786704,83.23216749,99.23861917,74.53853893,111.8789804,167.6385395,178.0108777,3.95327263,5.999347088,9.33385506,11.03927746
39,1989,5.17E+00,8.320466781,5503.318662,33.55456312,34.30460101,51.66364222,84.21691552,100.19446,75.7752929,113.2616564,168.8990873,178.9763085,4.143368076,6.214091295,9.579536721,11.29659586
40,1990,5.26E+00,8.6030484,5536.516082,34.30460101,35.07858927,52.56280142,85.22016368,101.1660037,77.05650348,114.6858991,170.1957535,179.9733721,4.339905385,6.434910065,9.830670663,11.55901078
41,1991,5.34E+00,8.630136618,5578.647634,35.07858927,35.87801288,53.48546626,86.24299874,102.1542603,78.38441263,116.1535247,171.5299101,181.0032957,4.543553998,6.662424055,10.08781951,11.82706084
42,1992,5.42E+00,8.663565433,5629.795366,35.87801288,36.70333634,54.43189211,87.28536099,103.1589261,79.75932981,117.6641801,172.9000651,182.0634508,4.754330324,6.896664826,10.35102112,12.10078233
43,1993,5.50E+00,8.703039269,5690.079104,36.70333633,37.55556849,55.40285892,88.34778346,104.1804217,81.18285177,119.2188727,174.3064753,183.1537662,4.972440254,7.137815604,10.62043206,12.38032031
44,1994,5.58E+00,8.748328246,5753.984962,37.55556848,38.43578604,56.39920937,89.43086177,105.2192307,82.65672558,120.8187437,175.7495151,184.2742772,5.198070914,7.386044674,10.89619752,12.66580971
45,1995,5.67E+00,8.799264477,5905.812707,38.43578604,39.34515875,57.42187414,90.53527983,106.2759215,84.18290028,122.4651155,177.2297186,185.4251528,5.431388605,7.641504695,11.17845161,12.95737578
46,1996,5.74E+00,8.968563755,6112.172185,39.34515875,40.28484822,58.47175604,91.66168066,107.3510168,85.76340978,124.1593547,178.7476306,186.6065498,5.672424609,7.904208147,11.46718441,13.25499854
47,1997,5.82E+00,9.197280595,6300.651602,40.28484822,41.25645684,59.55015054,92.81106528,108.4453822,87.40097295,125.9034572,180.3044022,187.8192077,5.921421311,8.174340103,11.76252301,13.55878265
48,1998,5.89E+00,9.403513536,6393.111607,41.25645684,42.26206423,60.65876077,93.98477101,109.5601801,89.09910658,127.7000977,181.9016855,189.0642483,6.178780615,8.452194206,12.06465676,13.86887881
49,1999,5.97E+00,9.490912077,6537.289456,42.26206423,43.30486912,61.80041526,95.18531729,110.6977758,90.8632171,129.5539181,183.5433004,190.3449936,6.445424014,8.738559099,12.37425072,14.18590737
50,2000,6.05E+00,9.642092435,6775.217141,43.30486911,44.38865126,62.97849631,96.41574136,111.8610122,92.70000541,131.470697,185.2339028,191.6653882,6.72212154,9.034072282,12.69181919,14.51033707
51,2001,6.13E+00,9.902721408,6885.210232,44.38865126,45.5184234,64.19754724,97.68015303,113.0537256,94.61861207,133.4583807,186.9798109,193.0306787,7.009663511,9.339354004,13.01782073,14.84256497
52,2002,6.21E+00,10.02535527,6992.795594,45.5184234,46.60916562,65.37046324,98.88849228,114.1868468,96.4507293,135.3504028,188.623824,194.2975448,7.296447673,9.643123789,13.34141373,15.17201246
53,2003,6.29E+00,10.15387327,7097.357043,46.60916562,47.65702762,66.49362818,100.0374755,115.2573233,98.18995939,137.1411683,190.1615761,195.4623422,7.581713738,9.944659908,13.66192918,15.49803721
54,2004,6.37E+00,10.28718223,7198.322213,47.65702762,48.65788924,67.5631926,101.1236208,116.2619216,99.82948634,138.8247404,191.5884419,196.521207,7.864631249,10.24317814,13.97864382,15.81994612
55,2005,6.45E+00,10.42530057,7295.285269,48.65788925,49.60731376,68.57503018,102.1432071,117.1971882,101.3620002,140.3947725,192.8994769,197.470004,8.144286077,10.53782015,14.29077041,16.13698629
56,2006,6.53E+00,10.56833974,7387.818288,49.60731376,50.50045164,69.52465486,103.0922026,118.0593828,102.7795537,141.8443812,194.0893146,198.3042363,8.419634125,10.82761975,14.5974341,16.44832456
57,2007,6.61E+00,10.71638966,7475.599311,50.50045164,51.33191041,70.4071042,103.9661576,118.8443769,104.0733553,143.1659616,195.1520031,199.0189063,8.689449054,11.11146323,14.89764325,16.75302173
58,2008,6.69E+00,10.86965846,7558.200514,51.33191042,52.09562085,71.2167987,104.7600586,119.5475092,105.2335059,144.3509253,196.0807633,199.6082894,8.952318368,11.38807866,15.19027412,17.05001623
59,2009,6.76E+00,11.02833875,7635.409179,52.09562085,52.78460066,71.94730156,105.4680804,120.1633415,106.2485502,145.3892671,196.8675814,200.065563,9.206618292,11.6560064,15.47403878,17.33809188
60,2010,6.84E+00,11.19257506,7719.005572,52.78460067,53.39053002,72.59089742,106.0831663,120.6852476,107.1047104,146.2688262,197.5025367,200.3821938,9.450432687,11.91352403,15.74741637,17.61581196
61,2011,6.92E+00,11.36165583,7805.774518,53.39053003,53.90308385,73.13792031,106.5963444,121.1047414,107.7846535,146.9740938,197.9726956,200.5469324,9.681453215,12.15854658,16.00855558,17.8814238
62,2012,6.99E+00,11.53230706,7895.731286,53.90308386,54.41723381,73.68598199,107.1091094,121.5226068,108.4688354,147.6845135,198.4489121,200.7170628,9.914600745,12.40554041,16.271335,18.14846641
63,2013,7.06E+00,11.70457184,7988.92225,54.41723381,54.93284068,74.23494202,107.6213316,121.9387232,109.1570648,148.3998819,198.9309775,200.8923775,10.14980265,12.65442914,16.53567461,18.41685887
64,2014,7.14E+00,11.87843269,8085.460422,54.93284068,55.44976343,74.78466013,108.1328842,122.3529733,109.8491486,149.1199971,199.4186873,201.0726731,10.38698306,12.90513385,16.80149245,18.68651868
65,2015,7.21E+00,12.05393254,8185.340617,55.44976344,55.96786024,75.33499682,108.6436438,122.7652461,110.5448941,149.8446593,199.9118425,201.2577543,10.62606347,13.15757344,17.06870502,18.95736215
66,2016,7.28E+00,12.23105302,8288.692225,55.96786024,56.48698818,75.88581357,109.1534912,123.1754362,111.2441079,150.5736706,200.4102491,201.4474333,10.86696234,13.41166453,17.33722739,19.22930455
67,2017,7.35E+00,12.40980973,8395.560901,56.48698818,57.00700318,76.43697179,109.6623106,123.5834418,111.9465952,151.3068326,200.9137187,201.6415256,11.10959571,13.66732147,17.60697271,19.5022595
68,2018,7.42E+00,12.59025358,8506.001384,57.00700319,57.52775979,76.98833294,110.1699872,123.9891641,112.6521601,152.0439479,201.4220615,201.8398481,11.3538768,13.9244561,17.87785201,19.77613871
69,2019,7.49E+00,12.77237174,8620.149486,57.5277598,58.04911045,77.53975771,110.6764081,124.3925075,113.360604,152.7848181,201.9350913,202.042223,11.59971587,14.18297753,18.149774,20.05085194
70,2020,7.55E+00,12.95621695,8738.074523,58.04911045,58.5709055,78.09110577,111.1814616,124.7933771,114.071726,153.5292434,202.4526221,202.2484699,11.84701998,14.44279191,18.42264486,20.32630653
71,2021,7.62E+00,13.14177687,8860.319873,58.5709055,59.09299337,78.64223517,111.6850357,125.1916804,114.7853232,154.2770216,202.9744664,202.4584113,12.09569274,14.70380205,18.69636766,20.60240711
72,2022,7.68E+00,13.33009315,8986.940117,59.09299337,59.6152286,79.19301036,112.1870243,125.5873295,115.5011985,155.0279577,203.5004426,202.6718709,12.34564062,14.96591305,18.97084743,20.87906023
73,2023,7.74E+00,13.52126269,9118.10505,59.6152286,60.13746937,79.7432989,112.6873262,125.9802419,116.2191578,155.781858,204.0303722,202.8886761,12.59677162,15.22903142,19.24599084,21.15617425
74,2024,7.80E+00,13.71531318,9253.94605,60.13746937,60.65957714,80.29297255,113.1858446,126.3703405,116.9390099,156.5385334,204.5640801,203.1086596,12.84899594,15.49306578,19.52170657,21.43365976
75,2025,7.86E+00,13.91234404,9389.117583,60.65957714,61.18141619,80.84190626,113.6824866,126.7575507,117.6605664,157.2977976,205.1013949,203.3316532,13.10222544,15.75792633,19.79790505,21.71142912
76,2026,7.92E+00,14.11238494,9525.781762,61.18141618,61.70285373,81.38997774,114.177162,127.1418022,118.383641,158.0594655,205.6421458,203.5574931,13.35637441,16.02352553,20.07449894,21.98939723
77,2027,7.98E+00,14.31528856,9664.032196,61.70285374,62.223764,81.93707213,114.6697884,127.5230315,119.1080546,158.8233609,206.1861702,203.786021,13.61136279,16.28978101,20.35140576,22.26748378
78,2028,8.03E+00,14.52108207,9803.764431,62.223764,62.7440297,82.48308255,115.1602918,127.9011844,119.8336369,159.5893151,206.7333148,204.0170889,13.86711792,16.55661699,20.62854923,22.54561478
79,2029,8.08E+00,14.72980948,9945.011209,62.74402971,63.2635431,83.02791196,115.6486077,128.2762154,120.5602264,160.3571701,207.2834349,204.2505571,14.12357592,16.82396558,20.90586024,22.82372336
80,2030,8.14E+00,14.94153711,10086.6496,63.26354311,63.78220785,83.57147352,116.1346826,128.64809,121.2876739,161.1267776,207.8363996,204.4862957,14.38068355,17.0917683,21.18327848,23.10175136
81,2031,8.19E+00,15.15634743,10230.08325,63.78220785,64.29993127,84.1136876,116.6184721,129.0167846,122.0158342,161.897999,208.392086,204.7241899,14.63839015,17.35997139,21.46075009,23.37964794
82,2032,8.23E+00,15.37306119,10375.29486,64.29993127,64.81660038,84.65446032,117.0999242,129.3822693,122.7445453,162.6706836,208.9503689,204.9641225,14.89662266,17.62850479,21.73820998,23.65735266
83,2033,8.28E+00,15.59167228,10522.22984,64.81660039,65.33209263,85.19369101,117.5789827,129.7445116,123.4736377,163.4446763,209.5111219,205.2059784,15.15529671,17.89728944,22.01558616,23.93479903
84,2034,8.33E+00,15.81218612,10671.00334,65.33209263,65.84628377,85.73127732,118.0555891,130.1034772,124.2029401,164.2198212,210.0742148,205.4496406,15.4143254,18.16624311,22.29280279,24.21191683
85,2035,8.38E+00,16.03463802,10821.56004,65.84628376,66.35904888,86.26711534,118.5296838,130.4591299,124.9322817,164.9959616,210.6395197,205.6949913,15.67361998,18.43528062,22.56978031,24.4886321
86,2036,8.43E+00,16.2590738,10973.84966,66.35904888,66.87026024,86.80109825,119.0012031,130.8114292,125.6614886,165.7729386,211.2069035,205.9419078,15.93308844,18.70431262,22.84643414,24.76486588
87,2037,8.48E+00,16.48551586,11127.95207,66.87026024,67.37978587,87.33311403,119.4700787,131.1603308,126.3903843,166.5505888,211.7762312,206.1902657,16.19263317,18.97324354,23.12267298,25.04053285
88,2038,8.53E+00,16.71396593,11283.79934,67.37978588,67.88748679,87.86304436,119.9362348,131.5057827,127.1187855,167.328744,212.3473601,206.4399337,16.45214883,19.2419698,23.39839698,25.31553957
89,2039,8.58E+00,16.94443089,11441.49619,67.88748678,68.39321671,88.39076338,120.3995882,131.8477257,127.8465023,168.1072295,212.9201424,206.6907737,16.7115218,19.51037911,23.67349697,25.58978377
90,2040,8.63E+00,17.17695645,11600.94601,68.39321671,68.89682111,88.91613668,120.8600456,132.1860909,128.5733384,168.8858632,213.4944209,206.9426399,16.97062868,19.77834901,23.9478523,25.86315272
91,2041,8.68E+00,17.41159188,11761.00885,68.89682112,69.39813269,89.43901771,121.3175005,132.5207983,129.2990854,169.6644524,214.070027,207.1953769,17.2293328,20.0457438,24.22132805,26.13552101
92,2042,8.72E+00,17.64907098,11921.72803,69.3981327,69.89698786,89.9592648,121.7719361,132.8517719,130.0235416,170.4428127,214.6468885,207.4488382,17.48749839,20.31242959,24.49386758,26.40676574
93,2043,8.77E+00,17.88941806,12082.99628,69.89698787,70.39322539,90.47673958,122.2232632,133.1789411,130.7465102,171.2207654,215.2248591,207.7028861,17.74498942,20.57827308,24.76535015,26.67676611
94,2044,8.81E+00,18.13265435,12244.80121,70.39322539,70.88668862,90.99130938,122.6713992,133.5022411,131.4678016,171.9981407,215.8038043,207.9573922,18.00167124,20.843143,25.03565822,26.94540441
95,2045,8.86E+00,18.37884982,12407.03592,70.88668862,71.37722601,91.50284777,123.1162696,133.8216139,132.1872332,172.7747775,216.3835999,208.2122388,18.2574111,21.10691079,25.3046785,27.21256684
96,2046,8.90E+00,18.62806901,12569.66872,71.37722601,71.864693,92.01123629,123.5578087,134.1370118,132.9046324,173.5505265,216.9641345,208.4673212,18.51207944,21.36945184,25.57230316,27.47814514
97,2047,8.94E+00,18.88035917,12732.69903,71.86469299,72.34895258,92.51636588,123.9959623,134.4483978,133.6198374,174.3252508,217.5453122,208.722551,18.76554995,21.63064616,25.83843104,27.74203742
98,2048,8.98E+00,19.13575444,12895.99368,72.34895258,72.82987688,93.01813875,124.4306903,134.7557482,134.3326982,175.0988294,218.1270569,208.9778567,19.01770154,21.89038015,26.10296961,28.0041499
99,2049,9.01E+00,19.39427648,13059.57866,72.82987687,73.30734892,93.51646968,124.8619675,135.0590553,135.0430794,175.8711571,218.7093104,209.2331875,19.26841931,22.14854788,26.36583667,28.26439871
100,2050,9.05E+00,19.6560074,13217.86651,73.30734892,73.78126493,94.01128864,125.2897876,135.3583291,135.7508625,176.6421485,219.2920387,209.4885155,19.51759653,22.40505311,26.62696293,28.5227118
101,2051,9.08E+00,19.921014,13379.48287,73.78126493,74.2515396,94.50254587,125.7141681,135.6536017,136.4559499,177.4117421,219.8752369,209.7438386,19.76514104,22.65981452,26.88629699,28.7790328
102,2052,9.12E+00,20.19103005,13544.49774,74.25153959,74.71809723,94.99020155,126.1350408,135.9449169,137.1582552,178.1798899,220.4588194,209.999168,20.01096616,22.91275552,27.14369083,29.03331033
103,2053,9.15E+00,20.46618975,13712.99341,74.71809723,75.1808721,95.47422687,126.552437,136.2323314,137.8577052,178.9465569,221.0428013,210.25453,20.25499059,23.16380509,27.39909094,29.28549903
104,2054,9.18E+00,20.7465652,13885.01538,75.1808721,75.6398068,95.95460376,126.9664032,136.5159157,138.5542384,179.7117241,221.6272204,210.5099696,20.49713578,23.41289628,27.65244938,29.53555943
105,2055,9.22E+00,21.0323477,14060.74316,75.63980681,76.09485233,96.43132468,127.3769983,136.7957547,139.2478053,180.4753867,222.2121297,210.76555,20.73732623,23.65996656,27.90372402,29.78345836
106,2056,9.25E+00,21.32366823,14240.21814,76.09485234,76.54596887,96.90439415,127.7842956,137.0719481,139.938369,181.2375572,222.7976027,211.0213535,20.97548994,23.90495852,28.15287919,30.02916969
107,2057,9.29E+00,21.62066913,14423.52364,76.54596887,76.99312845,97.37382969,128.1883837,137.3446119,140.6259086,181.9982642,223.3837313,211.2774832,21.21156055,24.14782133,28.39988686,30.27267528
108,2058,9.32E+00,21.92350595,14610.7323,76.99312844,77.43631493,97.83966292,128.589367,137.6138773,141.3104172,182.7575543,223.970628,211.5340587,21.44547847,24.38851186,28.64472756,30.51396575
109,2059,9.36E+00,22.23226315,14801.97762,77.43631493,77.87552662,98.30194132,128.9873676,137.879894,141.991907,183.5154949,224.5584262,211.7912229,21.67719205,24.6269957,28.88739143,30.75304159
110,2060,9.39E+00,22.54716135,14997.40428,77.87552662,78.31077637,98.76072831,129.3825255,138.1428302,142.6704071,184.2721725,225.1472829,212.04914,21.90665838,24.86324798,29.12787896,30.98991407
111,2061,9.43E+00,22.86835195,15197.06938,78.31077637,78.74209375,99.21610552,129.7750005,138.4028735,143.3459667,185.0276953,225.737378,212.3079962,22.1338455,25.09725537,29.36620266,31.22460657
112,2062,9.46E+00,23.19600012,15401.10254,78.74209376,79.16952176,99.66816902,130.1649679,138.6602279,144.0186518,185.7821902,226.3289106,212.5679977,22.35872934,25.32901269,29.60238368,31.45715117
113,2063,9.50E+00,23.5302867,15609.57895,79.16952177,79.59311703,100.1170297,130.5526191,138.9151121,144.688545,186.5358024,226.9220992,212.8293656,22.58129419,25.55852364,29.8364524,31.68758938
114,2064,9.54E+00,23.87131101,15822.61379,79.59311704,80.01295027,100.5628141,130.9381626,139.1677638,145.3557456,187.2886963,227.5171831,213.0923462,22.80153312,25.78580127,30.06844904,31.91597259
115,2065,9.57E+00,24.21932808,16040.39994,80.01295026,80.42910731,101.0056644,131.3218241,139.4184358,146.0203716,188.0410549,228.1144243,213.3572004,23.01944879,26.01086847,30.29842403,32.14236247
116,2066,9.61E+00,24.5745134,16263.0333,80.42910731,80.84169039,101.4457405,131.7038467,139.6673997,146.6825601,188.7930843,228.7141034,213.6242129,23.2350548,26.23375944,30.52643907,32.36683192
117,2067,9.65E+00,24.93705885,16490.62301,80.8416904,81.25080598,101.8832067,132.084479,139.9149321,147.3424545,189.5449944,229.3165076,213.8936707,23.44836581,26.45450957,30.75255736,32.58945555
118,2068,9.68E+00,25.30717501,16723.30929,81.25080597,81.65656484,102.3182319,132.4639736,140.161311,148.000203,190.2970017,229.9219276,214.1658604,23.65939752,26.67315554,30.97684311,32.81030831
119,2069,9.72E+00,25.68497871,16961.18315,81.65656483,82.05908077,102.7509875,132.8425847,140.4068169,148.6559596,191.049326,230.5306557,214.4410706,23.86816545,26.88973374,31.19936002,33.02946489
120,2070,9.76E+00,26.07076503,17204.45912,82.05908077,82.45846702,103.1816452,133.2205641,140.6517257,149.3098773,191.802189,231.1429788,214.7195811,24.07468256,27.10427815,31.42016887,33.24699648
121,2071,9.80E+00,26.46473777,17451.88968,82.45846701,82.85483649,103.6103733,133.5981608,140.8963083,149.9621106,192.5558068,231.7591823,215.0016651,24.27895902,27.316819,31.63932604,33.46296937
122,2072,9.83E+00,26.87002312,17703.52026,82.85483649,83.24831141,104.0373468,133.9756232,141.1408348,150.6128212,193.3104023,232.3795436,215.2875889,24.48101321,27.52739168,31.85689014,33.67745175
123,2073,9.87E+00,27.28694503,17959.35744,83.24831141,83.63901915,104.4627423,134.353199,141.3855695,151.2621757,194.0661975,233.004338,215.5776063,24.68086755,27.7360334,32.07292005,33.89051069
124,2074,9.90E+00,27.71572207,18219.48637,83.63901914,84.02708849,104.8867361,134.7311324,141.630772,151.9103415,194.8234137,233.6338336,215.8719623,24.87854497,27.94278091,32.2874729,34.10221136
125,2075,9.93E+00,28.15677925,18483.99562,84.02708849,84.41264756,105.3095015,135.1096608,141.8766945,152.5574849,195.5822671,234.2682887,216.1708921,25.07406701,28.14766816,32.50060191,34.31261448
126,2076,9.96E+00,28.61043891,18747.83683,84.41264755,84.79582115,105.7312062,135.4890117,142.1235758,153.2037687,196.3429673,234.907947,216.4746104,25.26745151,28.35072443,32.71235399,34.52177395
127,2077,9.99E+00,29.07081812,19010.78135,84.79582115,85.17674326,106.1520252,135.8694175,142.3716567,153.849365,197.1057315,235.5530572,216.783334,25.45872465,28.55198595,32.92278194,34.72974871
128,2078,1.00E+01,29.53784175,19272.66517,85.17674327,85.55555488,106.5721376,136.2511118,142.6211788,154.4944532,197.8707795,236.2038686,217.0972792,25.64791897,28.75149392,33.13194269,34.93660148
129,2079,1.00E+01,30.01153487,19533.25915,85.55555487,85.93240368,106.9917289,136.6343308,142.8723838,155.139219,198.6383391,236.8606313,217.416661,25.83507361,28.94929542,33.33989753,35.14239917
130,2080,1.01E+01,30.49181377,19792.39009,85.93240368,86.30744554,107.4109891,137.0193129,143.1255147,155.7838564,199.4086406,237.5235971,217.7416941,26.02023544,29.14544357,33.54671285,35.34721319
131,2081,1.01E+01,30.97869669,20050.50877,86.30744554,86.68084057,107.8301132,137.4063,143.3808159,156.4285643,200.1819207,238.1930208,218.0725954,26.20345536,29.33999608,33.75245983,35.55111939
132,2082,1.01E+01,31.4712834,20307.43744,86.68084057,87.05274594,108.2492956,137.795534,143.638532,157.0735421,200.958418,238.8691603,218.4095866,26.38477905,29.53300885,33.95720967,35.75419418
133,2083,1.01E+01,31.96947189,20562.97362,87.05274594,87.42331841,108.6687311,138.1872559,143.8989055,157.7189902,201.7383717,239.5522722,218.7528863,26.56425092,29.7245382,34.1610345,35.95651489
134,2084,1.01E+01,32.47326406,20817.0132,87.42331842,87.79271781,109.0886166,138.5817071,144.1621777,158.3651118,202.5220239,240.2426134,219.1027131,26.74191807,29.91464259,34.36400823,36.15816003
135,2085,1.02E+01,32.98255014,21069.34869,87.79271781,88.16110753,109.5091502,138.9791279,144.4285892,159.0121143,203.3096171,240.940438,219.459285,26.91783035,30.1033826,34.56620625,36.35920982
136,2086,1.02E+01,33.4973264,21319.84922,88.16110753,88.52865331,109.9305324,139.3797587,144.6983763,159.6602077,204.1013965,241.6460007,219.8228116,27.09203991,30.29082092,34.7677054,36.55974493
137,2087,1.02E+01,34.01752673,21568.31043,88.52865331,88.89552334,110.352964,139.7838383,144.9717743,160.3096037,204.8976066,242.3595533,220.1935024,27.26460113,30.47702176,34.96858348,36.75984712
138,2088,1.02E+01,34.54302025,21814.55379,88.89552333,89.26188819,110.7766474,140.1916043,145.2490157,160.9605169,205.6984938,243.0813437,220.5715628,27.43557032,30.6620509,35.16891922,36.95959866
139,2089,1.02E+01,35.07378373,22058.38192,89.26188818,89.62792014,111.2017853,140.6032945,145.5303312,161.6131636,206.5043042,243.8116222,220.9571953,27.60500533,30.84597513,35.36879225,37.1590823
140,2090,1.02E+01,35.60967858,22299.69455,89.62792014,89.99379274,111.6285805,141.0191419,145.8159473,162.2677611,207.3152833,244.5506295,221.3505968,27.77296511,31.02886211,35.56828181,37.3583806
141,2091,1.02E+01,36.1506761,22538.72156,89.99379275,90.35968064,112.0572358,141.4393809,146.1060878,162.9245276,208.1316765,245.2986102,221.75196,27.93950996,31.21077996,35.76746784,37.55757574
142,2092,1.03E+01,36.69509682,22775.32913,90.35968064,90.72576806,112.4879633,141.8642518,146.4009838,163.5836911,208.9537392,246.0558132,222.1614851,28.10470866,31.39180482,35.96643698,37.75675712
143,2093,1.03E+01,37.24271951,23009.33001,90.72576806,91.09224719,112.9209818,142.294002,146.7008715,164.2454882,209.7817332,246.8224947,222.579377,28.26863683,31.57201911,36.16528242,37.95602003
144,2094,1.03E+01,37.79343438,23240.59057,91.0922472,91.4593162,113.3565159,142.728883,147.0059908,164.9101615,210.6159261,247.5989154,223.0058449,28.4313758,31.75151109,36.36410278,38.15546514
145,2095,1.03E+01,38.34701237,23468.95476,91.45931621,91.82717929,113.7947959,143.1691514,147.3165844,165.5779595,211.4565923,248.3853412,223.4410995,28.59301252,31.93037459,36.56300249,38.35519892
146,2096,1.03E+01,38.90333821,23694.29442,91.82717929,92.19604608,114.2360562,143.615065,147.6328969,166.2491361,212.3040088,249.1820371,223.8853531,28.75363999,32.10870931,36.76209133,38.55533297
147,2097,1.03E+01,39.46222899,23916.46919,92.19604608,92.56612987,114.6805343,144.0668845,147.955173,166.9239489,213.1584553,249.9892722,224.3388193,28.91335535,32.28661941,36.96148395,38.75598343
148,2098,1.03E+01,40.02343179,24135.30609,92.56612986,92.93764599,115.1284686,144.5248675,148.2836569,167.6026564,214.0202116,250.80731,224.8017107,29.07226002,32.46421361,37.16129893,38.9572711
149,2099,1.03E+01,40.58680985,24350.66764,92.93764599,93.31081265,115.580099,144.9892724,148.6185852,168.2855194,214.8895584,251.6364145,225.2742295,29.23046016,32.64160513,37.36165983,39.15931982
150,2100,1.03E+01,41.1521036,24575.71344,93.31081264,93.68584958,116.0356652,145.4603537,148.9601953,168.9727999,215.7667727,252.4768442,225.7565802,29.38806602,32.81891177,37.56269403,39.36225868
